STATEFP,CD115FP,AFFGEOID,GEOID,LSAD,CDSESSN,ALAND,AWATER,Perimeter
13,11,5001500US1311,1311,C2,115,2773088054,70602060,294482.77153300000
26,03,5001500US2603,2603,C2,115,6810456342,177813904,544987.72382500000
36,25,5001500US3625,3625,C2,115,1321389767,1831700038,163464.72197600000
36,07,5001500US3607,3607,C2,115,41806002,2675060,50398.04305210000
36,09,5001500US3609,3609,C2,115,40267196,502409,31211.41777270000
36,05,5001500US3605,3605,C2,115,134511928,184543098,54068.77077280000
06,10,5001500US0610,0610,C2,115,4714677851,54185569,371926.05614200000
17,04,5001500US1704,1704,C2,115,135768215,966146,114299.14275700000
29,01,5001500US2901,2901,C2,115,583315316,27454150,131902.04935100000
37,13,5001500US3713,3713,C2,115,4744708509,107294557,450161.40120600000
34,06,5001500US3406,3406,C2,115,557478433,503892484,225012.39628100000
06,53,5001500US0653,0653,C2,115,351481125,6103481,93442.67758690000
42,02,5001500US4202,4202,C2,115,191878241,3607903,61902.95969550000
04,07,5001500US0407,0407,C2,115,530597502,1640754,96781.29788870000
13,07,5001500US1307,1307,C2,115,1016918880,25473538,169820.05065300000
48,18,5001500US4818,4818,C2,115,609365837,4427671,186989.75137000000
12,24,5001500US1224,1224,C2,115,265238198,33029029,81197.82170340000
26,09,5001500US2609,2609,C2,115,475788210,13223182,138133.05085500000
51,08,5001500US5108,5108,C2,115,386568076,29341577,100815.36253800000
04,09,5001500US0409,0409,C2,115,426237566,2984352,129516.11367600000
17,01,5001500US1701,1701,C2,115,669233988,2069827,174037.54446000000
26,13,5001500US2613,2613,C2,115,478823763,5422500,153443.88854100000
39,16,5001500US3916,3916,C2,115,3121758444,31188827,464764.56658500000
17,11,5001500US1711,1711,C2,115,726622133,15497432,221926.98470000000
37,04,5001500US3704,3704,C2,115,1896723122,18289922,290790.68383500000
12,10,5001500US1210,1210,C2,115,1130599172,205785473,170865.86786100000
12,22,5001500US1222,1222,C2,115,427070323,250958427,138574.00379800000
48,07,5001500US4807,4807,C2,115,419749088,3106191,137802.04645200000
48,30,5001500US4830,4830,C2,115,922881706,32969231,167301.41101700000
48,20,5001500US4820,4820,C2,115,517220115,1459381,130059.65225300000
48,26,5001500US4826,4826,C2,115,2349824427,191493155,221960.94690500000
04,05,5001500US0405,0405,C2,115,760019080,2390597,119811.78482600000
47,05,5001500US4705,4705,C2,115,3233303766,72160080,303939.26691000000
47,09,5001500US4709,4709,C2,115,1252906121,53667284,238909.27043100000
17,09,5001500US1709,1709,C2,115,272939511,1558242,110980.50671400000
06,43,5001500US0643,0643,C2,115,186583272,555896,64102.80137070000
06,19,5001500US0619,0619,C2,115,2372249381,15213802,270155.26852400000
06,41,5001500US0641,0641,C2,115,820177168,4159166,147428.58466700000
06,46,5001500US0646,0646,C2,115,185529294,2547859,62439.09448370000
06,40,5001500US0640,0640,C2,115,149408227,1743217,62860.36099980000
06,48,5001500US0648,0648,C2,115,376881305,283036860,119047.16926100000
25,05,5001500US2505,2505,C2,115,686548485,58599141,153976.26846800000
42,01,5001500US4201,4201,C2,115,202017297,30946404,99737.68169540000
51,03,5001500US5103,5103,C2,115,1619146552,406712430,261357.98674300000
51,11,5001500US5111,5111,C2,115,479602706,21188539,168569.10048000000
53,07,5001500US5307,5307,C2,115,372860728,339774295,150556.54634600000
26,01,5001500US2601,2601,C2,115,64823095449,75783678613,2952967.63281000000
26,14,5001500US2614,2614,C2,115,480594163,97688493,165361.27021900000
26,08,5001500US2608,2608,C2,115,3893102432,99588318,355504.09657700000
36,14,5001500US3614,3614,C2,115,73725753,39260843,62872.96208680000
36,15,5001500US3615,3615,C2,115,37598152,6263939,28913.60803630000
34,01,5001500US3401,3401,C2,115,907048665,51215017,177169.45836100000
12,16,5001500US1216,1216,C2,115,3349916070,958648284,273980.66581300000
12,23,5001500US1223,1223,C2,115,486449067,184721434,103028.90366500000
24,07,5001500US2407,2407,C2,115,1264538611,14744815,298660.43834700000
55,01,5001500US5501,5501,C2,115,4475162549,2524036038,322417.88070100000
09,03,5001500US0903,0903,C2,115,1218128785,68639679,220330.77105300000
12,14,5001500US1214,1214,C2,115,714571197,234008132,143329.79359500000
36,13,5001500US3613,3613,C2,115,26315653,7203614,15115.76498180000
36,06,5001500US3606,3606,C2,115,77166992,711425,38059.99461430000
42,16,5001500US4216,4216,C2,115,2584021858,105025528,396637.69031800000
30,00,5001500US3000,3000,C1,115,376960880222,3871059371,2835150.31106000000
34,09,5001500US3409,3409,C2,115,246845399,19505879,108014.81153400000
27,05,5001500US2705,2705,C2,115,351509734,16674892,89223.90311400000
06,34,5001500US0634,0634,C2,115,123465377,783650,51356.67535040000
39,08,5001500US3908,3908,C2,115,6346849932,40207235,531968.25792900000
39,07,5001500US3907,3907,C2,115,10009870594,64671712,855112.36159400000
41,04,5001500US4104,4104,C2,115,44734929671,2229798138,1054470.35855000000
51,01,5001500US5101,5101,C2,115,10908617587,1767347311,681825.05623500000
22,02,5001500US2202,2202,C2,115,3285061039,522507336,656746.75474800000
12,12,5001500US1212,1212,C2,115,2225709299,543289800,245671.50621300000
31,02,5001500US3102,3102,C2,115,1320129902,43574676,165583.60428700000
06,35,5001500US0635,0635,C2,115,437423307,309741,119734.35748800000
12,03,5001500US1203,1203,C2,115,9233151320,722439524,443671.38775800000
32,01,5001500US3201,3201,C2,115,270624139,16683,70363.79452110000
48,03,5001500US4803,4803,C2,115,1245254103,98149448,161093.96981600000
36,17,5001500US3617,3617,C2,115,990754154,149873221,152939.93877500000
12,27,5001500US1227,1227,C2,115,293291784,597442671,122184.88957600000
11,98,5001500US1198,1198,C4,115,158351639,18675956,61066.95378160000
13,01,5001500US1301,1301,C2,115,20880536010,2248892004,929718.04518000000
13,09,5001500US1309,1309,C2,115,13497964615,411754565,607243.60256500000
17,13,5001500US1713,1713,C2,115,15004789445,216512557,912210.08036300000
18,03,5001500US1803,1803,C2,115,10826747936,135332323,513160.89954500000
19,04,5001500US1904,1904,C2,115,58937921470,264842664,1174387.59665000000
27,01,5001500US2701,2701,C2,115,31012750187,541310820,1045240.08979000000
39,13,5001500US3913,3913,C2,115,2315893758,70480190,429825.93569500000
40,02,5001500US4002,4002,C2,115,54380778941,1949953912,1407643.75661000000
48,13,5001500US4813,4813,C2,115,99324834105,766086802,2010490.98540000000
50,00,5001500US5000,5000,C1,115,23873457570,1031134839,805472.69422900000
06,03,5001500US0603,0603,C2,115,16016675422,456738339,916611.34840400000
45,01,5001500US4501,4501,C2,115,4008869914,2197476605,745359.30921800000
48,17,5001500US4817,4817,C2,115,19814872130,309535606,863737.18209900000
48,25,5001500US4825,4825,C2,115,19742346368,316135102,1081688.26551000000
06,36,5001500US0636,0636,C2,115,15313274422,201717667,634406.67129600000
12,01,5001500US1201,1201,C2,115,10405022944,1920198807,536986.37086600000
13,02,5001500US1302,1302,C2,115,24931972415,449472216,864867.01865100000
18,04,5001500US1804,1804,C2,115,16450535829,70422165,681799.48646500000
19,03,5001500US1903,1903,C2,115,22761908990,156085934,727612.28775400000
21,02,5001500US2102,2102,C2,115,18590113025,400504493,1108772.74240000000
23,02,5001500US2302,2302,C2,115,71374167567,7014040632,1655791.76086000000
35,03,5001500US3503,3503,C2,115,116455539384,306910807,1886522.67518000000
29,04,5001500US2904,2904,C2,115,37311486202,744930706,1339474.44955000000
36,11,5001500US3611,3611,C2,115,168154101,128598705,75066.71190680000
48,36,5001500US4836,4836,C2,115,18455855223,1242361098,784970.60093500000
48,01,5001500US4801,4801,C2,115,20379651926,951774857,848120.39121700000
51,10,5001500US5110,5110,C2,115,3551510219,37716508,475812.64618900000
53,06,5001500US5306,5306,C2,115,17876929516,5100644174,690456.88743900000
01,06,5001500US0106,0106,C2,115,10802840847,176671228,797163.19897000000
53,01,5001500US5301,5301,C2,115,16019745919,1098044552,726089.90932300000
06,45,5001500US0645,0645,C2,115,855911615,5327953,125956.41121000000
05,01,5001500US0501,0501,C2,115,50035449740,1234801742,1701363.88093000000
08,03,5001500US0803,0803,C2,115,128801473805,388035363,2005248.03125000000
25,03,5001500US2503,2503,C2,115,1962144439,76251014,281754.45639300000
26,12,5001500US2612,2612,C2,115,1044251681,72039332,215796.85022700000
27,07,5001500US2707,2707,C2,115,86581180363,5057706724,1909385.54885000000
28,03,5001500US2803,2803,C2,115,33033314456,342512113,1377876.29749000000
31,03,5001500US3103,3103,C2,115,174641284006,1077690968,2309564.51610000000
39,06,5001500US3906,3906,C2,115,18685899843,202614327,1142315.56213000000
47,01,5001500US4701,4701,C2,115,10727532484,207535869,652463.50048700000
40,05,5001500US4005,4005,C2,115,5371380241,59056725,468358.14363400000
42,11,5001500US4211,4211,C2,115,8692587229,193801093,799707.23980400000
04,04,5001500US0404,0404,C2,115,85987712579,504274113,2519998.60351000000
06,13,5001500US0613,0613,C2,115,250704087,127161024,74325.01831710000
06,05,5001500US0605,0605,C2,115,4482412550,319292815,437636.73788000000
12,04,5001500US1204,1204,C2,115,4065702591,1017145271,441396.53727300000
16,01,5001500US1601,1601,C2,115,102096846269,1311800081,2373793.00250000000
21,01,5001500US2101,2101,C2,115,31293052442,1224600771,1548059.02702000000
25,06,5001500US2506,2506,C2,115,1364157680,864455788,212022.00742100000
27,08,5001500US2708,2708,C2,115,72279889700,12450296907,1601687.51907000000
37,02,5001500US3702,3702,C2,115,6988484962,95863414,595904.18062500000
48,33,5001500US4833,4833,C2,115,549094430,16597231,211060.21562300000
13,06,5001500US1306,1306,C2,115,774197747,14045945,152082.25837700000
01,05,5001500US0105,0105,C2,115,9526132610,459315160,607370.43261900000
04,01,5001500US0401,0401,C2,115,142546050209,354049454,2566304.52825000000
13,12,5001500US1312,1312,C2,115,21202177276,375197181,957940.31111100000
22,05,5001500US2205,2205,C2,115,37433744653,1114650961,1647991.17082000000
26,02,5001500US2602,2602,C2,115,8540026707,7429788536,528216.47093800000
26,05,5001500US2605,2605,C2,115,6083511035,4835435284,657810.35289700000
34,03,5001500US3403,3403,C2,115,2326349284,618688651,300158.73291700000
18,09,5001500US1809,1809,C2,115,11620750501,145921133,594086.36317300000
17,12,5001500US1712,1712,C2,115,12971461658,462555006,765219.40505700000
22,06,5001500US2206,2206,C2,115,10447660904,1012420537,1116734.15405000000
25,09,5001500US2509,2509,C2,115,3149602733,5148720788,700275.77248400000
27,02,5001500US2702,2702,C2,115,6314196469,243534838,446107.51524700000
29,03,5001500US2903,2903,C2,115,17745385735,368183517,847901.60062800000
47,07,5001500US4707,4707,C2,115,23725142425,416632763,991652.86541700000
48,34,5001500US4834,4834,C2,115,21214143666,3364091631,1353961.26998000000
06,32,5001500US0632,0632,C2,115,321800650,5294390,91970.82118430000
12,07,5001500US1207,1207,C2,115,1017701317,110468531,157707.13383300000
17,03,5001500US1703,1703,C2,115,613767733,13129912,155086.07905000000
24,04,5001500US2404,2404,C2,115,771431747,48192537,244426.96725000000
48,29,5001500US4829,4829,C2,115,484545639,10301758,166731.22384500000
53,09,5001500US5309,5309,C2,115,475103338,104562198,134903.64806700000
37,12,5001500US3712,3712,C2,115,1087721309,54513631,176240.51233400000
06,11,5001500US0611,0611,C2,115,1268414564,101723291,198294.27945500000
12,18,5001500US1218,1218,C2,115,3914276313,979029452,316339.93514500000
16,02,5001500US1602,1602,C2,115,111951314468,1081555671,1816876.13289000000
18,08,5001500US1808,1808,C2,115,18792547028,278267318,861044.41317900000
20,03,5001500US2003,2003,C2,115,1961376350,33268793,220019.90918500000
25,01,5001500US2501,2501,C2,115,6086961487,129548620,452819.41668900000
27,06,5001500US2706,2706,C2,115,7463332695,405721162,605527.73379000000
32,03,5001500US3203,3203,C2,115,7378700262,102756400,440257.64152800000
36,19,5001500US3619,3619,C2,115,20556863321,430599756,872858.91649100000
53,05,5001500US5305,5305,C2,115,40075952621,599022241,1099770.79026000000
13,13,5001500US1313,1313,C2,115,1849865552,25859931,304234.05415400000
27,03,5001500US2703,2703,C2,115,1364907543,145011977,203796.11614600000
49,03,5001500US4903,4903,C2,115,51990466713,458620703,1604223.26113000000
54,03,5001500US5403,5403,C2,115,25241031983,191746267,1078270.42635000000
06,14,5001500US0614,0614,C2,115,672492255,827356051,148765.74149500000
06,08,5001500US0608,0608,C2,115,85126844954,450306547,1735957.59213000000
12,19,5001500US1219,1219,C2,115,1942414991,1598133107,335813.73259200000
13,14,5001500US1314,1314,C2,115,9384068854,51814494,556266.50681300000
22,01,5001500US2201,2201,C2,115,10439692168,14395561130,1195697.12462000000
15,02,5001500US1502,1502,C2,115,16092682060,11320984469,1352809.89769000000
18,05,5001500US1805,1805,C2,115,4985157357,41028527,383594.31584500000
18,07,5001500US1807,1807,C2,115,787118054,4770564,113888.51394900000
34,11,5001500US3411,3411,C2,115,1310082064,67961483,223760.10310800000
42,08,5001500US4208,4208,C2,115,1831137408,49166866,222441.62463500000
48,31,5001500US4831,4831,C2,115,5579439217,137165219,364899.68123500000
36,08,5001500US3608,3608,C2,115,73603943,48116164,77491.98311770000
40,03,5001500US4003,4003,C2,115,88363168692,812730566,1930569.71474000000
42,03,5001500US4203,4203,C2,115,9973312521,2116281822,667583.72219800000
51,02,5001500US5102,5102,C2,115,2858942639,5175186818,618208.43627600000
55,02,5001500US5502,5502,C2,115,11750365665,189145438,534740.90908000000
06,30,5001500US0630,0630,C2,115,352105778,5012016,103570.50120400000
12,15,5001500US1215,1215,C2,115,2816305893,215203162,290546.50545400000
47,02,5001500US4702,4702,C2,115,6013228330,278795888,611925.48592900000
48,32,5001500US4832,4832,C2,115,482006740,34290041,146151.18518000000
06,49,5001500US0649,0649,C2,115,1433399632,511517467,232461.85312800000
06,31,5001500US0631,0631,C2,115,565291880,6412057,178261.08388900000
09,01,5001500US0901,0901,C2,115,1749270617,51354205,306662.65025400000
13,03,5001500US1303,1303,C2,115,9935634133,215325903,576918.44473100000
12,17,5001500US1217,1217,C2,115,14434123174,1921259405,620485.35559600000
17,15,5001500US1715,1715,C2,115,38062093379,353696036,1363595.76435000000
18,06,5001500US1806,1806,C2,115,16075807854,106464022,642857.25551800000
21,04,5001500US2104,2104,C2,115,11334568681,289884598,871371.68378600000
24,03,5001500US2403,2403,C2,115,788562242,252318226,398513.06125600000
27,04,5001500US2704,2704,C2,115,861409413,84710210,136706.77127500000
29,06,5001500US2906,2906,C2,115,47133860847,527236188,1428090.89849000000
32,04,5001500US3204,3204,C2,115,132082704605,628524273,1730861.76085000000
39,05,5001500US3905,3905,C2,115,14572392533,72293142,720388.27777300000
39,04,5001500US3904,3904,C2,115,12081697622,123076694,931114.11734900000
42,18,5001500US4218,4218,C2,115,5368517141,17435303,479348.11398200000
45,03,5001500US4503,4503,C2,115,13644904138,518812682,582583.78830300000
47,06,5001500US4706,4706,C2,115,16769931854,324687115,774480.92005500000
48,23,5001500US4823,4823,C2,115,150370085797,449322589,2510686.47125000000
54,02,5001500US5402,5402,C2,115,20770704762,121810592,1365110.86024000000
55,06,5001500US5506,5506,C2,115,12739427418,7317184536,813442.43512000000
51,07,5001500US5107,5107,C2,115,8075204112,145041508,598946.57128100000
08,06,5001500US0806,0806,C2,115,1227603408,22105056,266526.38208600000
36,10,5001500US3610,3610,C2,115,36382665,23226245,35631.66621040000
12,13,5001500US1213,1213,C2,115,470881681,639929451,118281.44516300000
53,10,5001500US5310,5310,C2,115,2141734118,234916125,276299.82014700000
12,02,5001500US1202,1202,C2,115,28499495272,4837033100,1310441.13508000000
12,20,5001500US1220,1220,C2,115,5592899394,637545841,526686.45475900000
12,25,5001500US1225,1225,C2,115,9079118653,445389220,545012.64652000000
12,26,5001500US1226,1226,C2,115,5657950451,7736018255,786390.11011300000
12,09,5001500US1209,1209,C2,115,5987921341,798384093,371510.71116500000
37,07,5001500US3707,3707,C2,115,15397310384,1127460946,674331.84894900000
17,06,5001500US1706,1706,C2,115,981281905,27250453,251637.95957300000
17,10,5001500US1710,1710,C2,115,777307694,31695461,182123.76843000000
17,05,5001500US1705,1705,C2,115,247684701,1857746,118910.45063100000
21,06,5001500US2106,2106,C2,115,11125059482,119857264,647514.50038600000
17,16,5001500US1716,1716,C2,115,20505805962,180883356,1009507.29990000000
37,06,5001500US3706,3706,C2,115,10127921341,210141575,599250.48861900000
37,03,5001500US3703,3703,C2,115,18692822004,10737987125,921568.03848000000
37,11,5001500US3711,3711,C2,115,17106161233,191420305,849922.86002400000
37,09,5001500US3709,3709,C2,115,10032958597,88333343,649474.12163300000
37,08,5001500US3708,3708,C2,115,7650401533,123312400,543166.92633400000
12,21,5001500US1221,1221,C2,115,663355764,250139828,132275.28366300000
48,27,5001500US4827,4827,C2,115,23622355669,4537016681,1134219.32286000000
48,14,5001500US4814,4814,C2,115,6336741756,2539425820,664513.27355500000
48,05,5001500US4805,4805,C2,115,13064428801,494044925,772265.90013000000
48,24,5001500US4824,4824,C2,115,680637799,23080473,138561.30393500000
48,11,5001500US4811,4811,C2,115,72086227511,572344028,2016743.96847000000
48,12,5001500US4812,4812,C2,115,3732511231,86682341,357960.95393600000
48,08,5001500US4808,4808,C2,115,15682333345,410601498,650704.66424700000
48,02,5001500US4802,4802,C2,115,799584906,54910333,266724.83032500000
48,21,5001500US4821,4821,C2,115,15335167369,91820741,805027.78814300000
48,04,5001500US4804,4804,C2,115,26237758299,1010292716,1014489.17565000000
48,35,5001500US4835,4835,C2,115,1537949609,19480034,412619.60607100000
48,09,5001500US4809,4809,C2,115,429074143,5285227,142518.79712200000
48,19,5001500US4819,4819,C2,115,66914275190,282516302,1691712.17523000000
04,03,5001500US0403,0403,C2,115,40632659377,8411270,1282017.60603000000
04,06,5001500US0406,0406,C2,115,1618774967,11033169,184102.55244200000
35,01,5001500US3501,3501,C2,115,11916092592,16862536,694216.38341200000
35,02,5001500US3502,3502,C2,115,185819783587,409896310,2333676.22234000000
49,01,5001500US4901,4901,C2,115,50652444635,3222109149,1429888.78127000000
49,04,5001500US4904,4904,C2,115,6603536749,374114296,520042.49758800000
29,05,5001500US2905,2905,C2,115,6281363024,89972215,583121.27977900000
18,02,5001500US1802,1802,C2,115,10252951583,131966593,513438.50731100000
41,03,5001500US4103,4103,C2,115,2782877286,82378516,309344.24290100000
41,05,5001500US4105,4105,C2,115,13439644606,1207501344,950007.97725100000
21,03,5001500US2103,2103,C2,115,827724572,41039533,140846.40431000000
47,03,5001500US4703,4703,C2,115,11837019503,372429331,874030.66055200000
17,18,5001500US1718,1718,C2,115,27235643868,383093290,1133926.69005000000
21,05,5001500US2105,2105,C2,115,29095574619,312844902,962855.22911200000
17,07,5001500US1707,1707,C2,115,161452483,5309542,86095.90710390000
17,02,5001500US1702,1702,C2,115,2798960062,25367023,288432.04868000000
17,14,5001500US1714,1714,C2,115,4137539307,62705367,499594.94567900000
47,08,5001500US4708,4708,C2,115,17738520597,387076278,749739.79961800000
42,05,5001500US4205,4205,C2,115,27742397029,213620579,1036543.25451000000
42,13,5001500US4213,4213,C2,115,401881854,2643954,152053.99477800000
42,09,5001500US4209,4209,C2,115,14840765430,94934039,999191.59151800000
42,15,5001500US4215,4215,C2,115,3328751160,33574274,437205.47262800000
45,04,5001500US4504,4504,C2,115,3365375010,44755518,297387.15031000000
45,05,5001500US4505,4505,C2,115,14259942806,265675132,752599.84399000000
41,02,5001500US4102,4102,C2,115,179860036930,1904464238,1973574.64696000000
17,08,5001500US1708,1708,C2,115,532547074,10497220,161323.09236300000
05,04,5001500US0504,0504,C2,115,57854702031,1050248298,1439878.38234000000
05,02,5001500US0502,0502,C2,115,12895656924,302532360,687358.83647700000
06,24,5001500US0624,0624,C2,115,17832881475,3683678861,992741.51174100000
06,50,5001500US0650,0650,C2,115,7222171605,40717916,478070.05639400000
06,23,5001500US0623,0623,C2,115,25636753464,99798902,1138616.53813000000
06,52,5001500US0652,0652,C2,115,691530889,296833733,199887.31404500000
06,18,5001500US0618,0618,C2,115,1802931104,329756821,216001.09927700000
06,20,5001500US0620,0620,C2,115,12623981667,1575067676,584195.76093000000
06,42,5001500US0642,0642,C2,115,2423945955,44654905,361950.42647200000
06,26,5001500US0626,0626,C2,115,2432290793,807145392,338626.62420300000
06,51,5001500US0651,0651,C2,115,12410088463,870604257,712875.44276400000
06,01,5001500US0601,0601,C2,115,72746743500,1948066328,1566758.18271000000
06,17,5001500US0617,0617,C2,115,480150143,21997291,99554.50038960000
06,16,5001500US0616,0616,C2,115,7353849309,119233968,489713.85527800000
06,33,5001500US0633,0633,C2,115,747462851,489601286,222994.42242500000
06,15,5001500US0615,0615,C2,115,1549178227,73579085,203420.01436900000
06,12,5001500US0612,0612,C2,115,100995002,211552145,41933.07556670000
06,38,5001500US0638,0638,C2,115,262652711,3822553,83658.01224900000
06,47,5001500US0647,0647,C2,115,560128410,1176344307,236120.76545800000
06,21,5001500US0621,0621,C2,115,17430139807,36086186,906136.55629300000
06,04,5001500US0604,0604,C2,115,33247167385,858265033,1036935.76742000000
06,22,5001500US0622,0622,C2,115,3017080261,10631876,383628.21682900000
15,01,5001500US1501,1501,C2,115,541435682,456697044,132215.24967100000
32,02,5001500US3202,3202,C2,115,144597298061,1316053447,1728358.84753000000
25,04,5001500US2504,2504,C2,115,1730755717,86366275,298295.26443900000
25,07,5001500US2507,2507,C2,115,162438867,97447912,105750.68279800000
25,02,5001500US2502,2502,C2,115,4216399937,221853716,374616.25957200000
25,08,5001500US2508,2508,C2,115,845278194,447520003,247034.52169100000
28,04,5001500US2804,2804,C2,115,20835219863,2217269189,705680.56616100000
28,02,5001500US2802,2802,C2,115,40277934712,961395147,1281028.22024000000
42,17,5001500US4217,4217,C2,115,4488179340,58691914,689408.09762700000
42,10,5001500US4210,4210,C2,115,21697859390,299061742,1232594.59463000000
42,04,5001500US4204,4204,C2,115,3931308220,41444989,316567.30223800000
45,07,5001500US4507,4507,C2,115,13869661445,958845402,660806.85815500000
45,02,5001500US4502,4502,C2,115,7828023072,225639187,612970.30693600000
51,05,5001500US5105,5105,C2,115,25979420541,392124628,1210443.49043000000
51,04,5001500US5104,5104,C2,115,9432364465,297373648,627255.99058600000
51,09,5001500US5109,5109,C2,115,23608121431,153964570,1096532.39656000000
51,06,5001500US5106,5106,C2,115,15354741800,106015128,888353.36126300000
12,11,5001500US1211,1211,C2,115,6190210209,1289210544,451223.36828500000
12,08,5001500US1208,1208,C2,115,4536424864,1710655903,416087.61658700000
29,07,5001500US2907,2907,C2,115,16246575947,248417066,649342.85482800000
29,02,5001500US2902,2902,C2,115,1206418804,37435850,184924.49372400000
53,03,5001500US5303,5303,C2,115,23610622725,1220444333,939143.40293400000
53,04,5001500US5304,5304,C2,115,49847973873,808275992,1496596.96386000000
53,02,5001500US5302,5302,C2,115,2629866121,2684013091,457525.52347000000
53,08,5001500US5308,5308,C2,115,19061011206,370370438,917195.11177200000
54,01,5001500US5401,5401,C2,115,16253925821,176283975,1068254.94352000000
72,98,5001500US7298,7298,C3,115,8868734851,4922543816,610864.80296900000
26,07,5001500US2607,2607,C2,115,10950269576,526293098,662846.60715100000
26,10,5001500US2610,2610,C2,115,10728138463,5439745597,534681.47579900000
26,04,5001500US2604,2604,C2,115,21906078722,521178033,825019.29609200000
26,11,5001500US2611,2611,C2,115,1085491777,55909219,245795.55769600000
36,01,5001500US3601,3601,C2,115,1683369812,3360069908,359779.19301900000
36,27,5001500US3627,3627,C2,115,10290366665,3222836917,556761.38818500000
36,24,5001500US3624,3624,C2,115,6186354160,3271976203,401179.87175700000
36,16,5001500US3616,3616,C2,115,202993288,76385505,76147.94841260000
36,23,5001500US3623,3623,C2,115,19092488019,1602469476,795962.99274600000
36,12,5001500US3612,3612,C2,115,38311106,7282926,36035.68583930000
36,20,5001500US3620,3620,C2,115,3189351632,81971753,303796.99400500000
36,03,5001500US3603,3603,C2,115,660257279,301925010,130365.02449100000
36,21,5001500US3621,3621,C2,115,39144878013,3342021173,988276.72074000000
36,26,5001500US3626,3626,C2,115,567573235,35617896,129300.10754600000
36,22,5001500US3622,3622,C2,115,13150501326,386973109,773622.18149800000
01,01,5001500US0101,0101,C2,115,15713086471,2275834340,1054484.93248000000
01,04,5001500US0104,0104,C2,115,23022290079,573514877,1076367.69177000000
01,07,5001500US0107,0107,C2,115,26301697324,332922212,1272331.61312000000
01,02,5001500US0102,0102,C2,115,26269465210,304069410,1049900.45646000000
34,04,5001500US3404,3404,C2,115,1790183883,49193621,253995.14382700000
34,05,5001500US3405,3405,C2,115,2568294919,83818240,347076.47298900000
34,02,5001500US3402,3402,C2,115,5425976974,2032573880,460810.97766900000
34,12,5001500US3412,3412,C2,115,1067327164,18558275,210141.00253500000
08,05,5001500US0805,0805,C2,115,18818296057,61236312,691647.74867900000
08,04,5001500US0804,0804,C2,115,98683966052,438481210,1754759.50038000000
08,07,5001500US0807,0807,C2,115,886197293,24982004,179577.60238000000
08,02,5001500US0802,0802,C2,115,19516518907,236586877,858271.68031200000
12,06,5001500US1206,1206,C2,115,5624012888,1321898430,442787.83178500000
12,05,5001500US1205,1205,C2,115,9887623036,240835117,908426.91439100000
09,04,5001500US0904,0904,C2,115,1193579517,214382753,213167.04363200000
09,02,5001500US0902,0902,C2,115,5149127806,297834069,355180.67573000000
44,01,5001500US4401,4401,C2,115,695729218,628637485,197834.47514800000
44,02,5001500US4402,4402,C2,115,1982268321,694815361,255937.33843300000
04,08,5001500US0408,0408,C2,115,1398089166,4081290,228912.72653200000
06,44,5001500US0644,0644,C2,115,205462827,66957259,79092.68978360000
34,10,5001500US3410,3410,C2,115,196407602,12464516,100586.12834800000
20,04,5001500US2004,2004,C2,115,37076565850,188746571,1062465.92266000000
29,08,5001500US2908,2908,C2,115,51543631130,444560710,1194841.28195000000
40,01,5001500US4001,4001,C2,115,4226105183,143411660,477552.29502700000
40,04,5001500US4004,4004,C2,115,25323016947,407934365,982310.43490300000
24,01,5001500US2401,2401,C2,115,10300763780,4036018809,1075105.14036000000
24,05,5001500US2405,2405,C2,115,3839955042,2066568067,392571.55792900000
24,02,5001500US2402,2402,C2,115,903021394,440312287,316298.61373900000
24,06,5001500US2406,2406,C2,115,5056221176,98108976,687512.63363700000
39,01,5001500US3901,3901,C2,115,1779276397,26627609,307571.43597500000
39,02,5001500US3902,3902,C2,115,8344022993,77185779,530001.60847900000
39,03,5001500US3903,3903,C2,115,590635256,11354623,185393.25418100000
39,10,5001500US3910,3910,C2,115,2926661524,14777588,279866.72261400000
39,11,5001500US3911,3911,C2,115,633251926,1310861846,221884.77862300000
39,09,5001500US3909,3909,C2,115,1203543249,4312119580,416313.69614300000
39,12,5001500US3912,3912,C2,115,5884482145,76534852,596529.02628400000
20,01,5001500US2001,2001,C2,115,136082693184,595682427,1980072.47165000000
20,02,5001500US2002,2002,C2,115,36632524565,528627765,1106104.07038000000
33,01,5001500US3301,3301,C2,115,6383006002,626684268,624566.55481100000
33,02,5001500US3302,3302,C2,115,16804439450,401958887,1029841.88983000000
55,05,5001500US5505,5505,C2,115,4897561248,165577272,378821.42352100000
55,07,5001500US5507,5507,C2,115,59671136452,7701851011,1605563.97826000000
55,08,5001500US5508,5508,C2,115,17629401229,8180916398,1042933.51582000000
02,00,5001500US0200,0200,C1,115,1478588231566,277723861311,20220051.05150000000
38,00,5001500US3800,3800,C1,115,178710423375,4400396641,1748936.45006000000
46,00,5001500US4600,4600,C1,115,196345228871,3384471850,1985688.98018000000
56,00,5001500US5600,5600,C1,115,251465641446,1860628076,2017069.15502000000
22,03,5001500US2203,2203,C2,115,18089035191,5593777362,883304.20152900000
55,03,5001500US5503,5503,C2,115,28779826013,826216165,1367999.84057000000
10,00,5001500US1000,1000,C1,115,5047241079,1398670234,425738.14044900000
47,04,5001500US4704,4704,C2,115,15500430694,241851589,920172.28673200000
17,17,5001500US1717,1717,C2,115,17949214253,346359938,1010448.46251000000
06,02,5001500US0602,0602,C2,115,33546450051,4122300212,1400771.27072000000
28,01,5001500US2801,2801,C2,115,27383787577,409006297,975259.33452800000
26,06,5001500US2606,2606,C2,115,9188433840,4065697553,458418.91592400000
36,18,5001500US3618,3618,C2,115,3506994481,160461621,339018.80296600000
37,10,5001500US3710,3710,C2,115,6708582979,107673789,479717.96508300000
13,10,5001500US1310,1310,C2,115,18380931910,463117419,745785.10349000000
48,16,5001500US4816,4816,C2,115,1841082535,3692186,178609.56952400000
23,01,5001500US2301,2301,C2,115,8511640854,4734127939,873928.89778900000
39,15,5001500US3915,3915,C2,115,12273509822,99729167,821279.29283300000
48,10,5001500US4810,4810,C2,115,13135591810,185966591,764391.13579700000
42,06,5001500US4206,4206,C2,115,2228736505,29642410,425812.01946400000
36,02,5001500US3602,3602,C2,115,470268701,375164144,114227.63621800000
22,04,5001500US2204,2204,C2,115,32209609166,1107495827,1305107.69924000000
13,04,5001500US1304,1304,C2,115,1287248302,22015255,173601.96404500000
13,08,5001500US1308,1308,C2,115,22576793224,354618256,1157742.93610000000
31,01,5001500US3101,3101,C2,115,22996551823,249258050,881071.90427800000
06,28,5001500US0628,0628,C2,115,565785716,2413830,133928.08053000000
48,22,5001500US4822,4822,C2,115,2676692480,61221627,358883.18516000000
19,01,5001500US1901,1901,C2,115,31206105117,228747351,1126468.70895000000
34,08,5001500US3408,3408,C2,115,141627875,37950202,109492.53026300000
55,04,5001500US5504,5504,C2,115,332583505,2454601106,126433.90778700000
18,01,5001500US1801,1801,C2,115,2996149051,625369032,276288.97686200000
41,01,5001500US4101,4101,C2,115,7786840316,770903089,540899.23463100000
45,06,5001500US4506,4506,C2,115,20885955098,860176774,1333856.32618000000
09,05,5001500US0905,0905,C2,115,3232512578,87623882,397431.11828100000
24,08,5001500US2408,2408,C2,115,2226202153,24107309,414737.97398600000
42,12,5001500US4212,4212,C2,115,5602307850,59304328,688407.21016900000
05,03,5001500US0503,0503,C2,115,13982291978,376049391,1025622.96996000000
19,02,5001500US1902,1902,C2,115,31758222558,431617733,1049041.83874000000
37,05,5001500US3705,3705,C2,115,10279841771,80945652,582606.03408800000
42,07,5001500US4207,4207,C2,115,2233770399,21529041,561905.88341800000
37,01,5001500US3701,3701,C2,115,15206074948,526877237,864093.80517200000
48,28,5001500US4828,4828,C2,115,24291208331,299397432,1303970.35754000000
48,15,5001500US4815,4815,C2,115,20212412244,154866287,1304829.61009000000
04,02,5001500US0402,0402,C2,115,20298521121,138380115,670811.48469800000
49,02,5001500US4902,4902,C2,115,103638398244,2945355622,1728753.91316000000
06,39,5001500US0639,0639,C2,115,529385455,3117073,116451.61164000000
06,25,5001500US0625,0625,C2,115,4378778073,30920024,415255.27615100000
06,09,5001500US0609,0609,C2,115,3239718832,140669150,280421.80897600000
06,07,5001500US0607,0607,C2,115,1421299398,13607918,162880.36233900000
01,03,5001500US0103,0103,C2,115,19538918675,470617474,909494.58711500000
34,07,5001500US3407,3407,C2,115,2512101051,47141303,314533.67389700000
42,14,5001500US4214,4214,C2,115,542048507,26842230,155153.63463100000
06,37,5001500US0637,0637,C2,115,143131705,351787,50172.09745270000
48,06,5001500US4806,4806,C2,115,5564726643,255608840,433524.40067700000
36,04,5001500US3604,3604,C2,115,286745402,168721690,79513.13031250000
06,06,5001500US0606,0606,C2,115,452858330,11191537,122565.34180100000
13,05,5001500US1305,1305,C2,115,686127322,5196810,114363.26850100000
06,29,5001500US0629,0629,C2,115,238354211,1621911,77256.86592550000
08,01,5001500US0801,0801,C2,115,491909051,7068941,161335.85945500000
39,14,5001500US3914,3914,C2,115,5063536361,3730727841,408925.28399100000
06,27,5001500US0627,0627,C2,115,1812630457,7549848,214215.91021200000
